<?xml version="1.0" encoding="utf-8"?>
<WS xmlns:xsi="http://www.w3.org/2001/XMLSchema-instance" >
<!-- Inclusao dos nomes dos serviços e das versões, informações necessárias para montar os parametros de comunicação SOAP -->
  <UF>
    <sigla>AC</sigla>
    <!--  SEFAZ VIRTUAL RIO GRANDE DO SUL  -->
    <homologacao>
      <NfeRecepcao service='nfeRecepcaoLote' versao='1.10'>https://homologacao.nfe.sefazvirtual.rs.gov.br/ws/nferecepcao/NfeRecepcao.asmx</NfeRecepcao>
      <NfeRetRecepcao service='nfeRetRecepcao' versao='1.10'>https://homologacao.nfe.sefazvirtual.rs.gov.br/ws/nferetrecepcao/NfeRetRecepcao.asmx</NfeRetRecepcao>
      <NfeCancelamento service='nfeCancelamentoNF' versao='1.07'>https://homologacao.nfe.sefazvirtual.rs.gov.br/ws/nfecancelamento/NfeCancelamento.asmx</NfeCancelamento>
      <NfeInutilizacao service='nfeInutilizacaoNF' versao='1.07'>https://homologacao.nfe.sefazvirtual.rs.gov.br/ws/nfeinutilizacao/NfeInutilizacao.asmx</NfeInutilizacao>
      <NfeConsultaNF service='nfeConsultaNF' versao='1.07'>https://homologacao.nfe.sefazvirtual.rs.gov.br/ws/nfeconsulta/NfeConsulta.asmx</NfeConsultaNF>
      <NfeStatusServico service='nfeStatusServicoNF' versao='1.07'>https://homologacao.nfe.sefazvirtual.rs.gov.br/ws/nfestatusservico/NfeStatusServico.asmx</NfeStatusServico>
      <ConsultaCadastro service='' versao=''></ConsultaCadastro>
    </homologacao>
    <producao>
      <NfeRecepcao service='nfeRecepcaoLote' versao='1.10'>https://nfe.sefazvirtual.rs.gov.br/ws/nferecepcao/NfeRecepcao.asmx</NfeRecepcao>
      <NfeRetRecepcao service='nfeRetRecepcao' versao='1.10'>https://nfe.sefazvirtual.rs.gov.br/ws/nferetrecepcao/NfeRetRecepcao.asmx</NfeRetRecepcao>
      <NfeCancelamento service='nfeCancelamentoNF' versao='1.07'>https://nfe.sefazvirtual.rs.gov.br/ws/nfecancelamento/NfeCancelamento.asmx</NfeCancelamento>
      <NfeInutilizacao service='nfeInutilizacaoNF' versao='1.07'>https://nfe.sefazvirtual.rs.gov.br/ws/nfeinutilizacao/NfeInutilizacao.asmx</NfeInutilizacao>
      <NfeConsultaNF service='nfeConsultaNF' versao='1.07'>https://nfe.sefazvirtual.rs.gov.br/ws/nfeconsulta/NfeConsulta.asmx</NfeConsultaNF>
      <NfeStatusServico service='nfeStatusServicoNF' versao='1.07'>https://nfe.sefazvirtual.rs.gov.br/ws/nfestatusservico/NfeStatusServico.asmx</NfeStatusServico>
      <ConsultaCadastro service='' versao=''></ConsultaCadastro>
    </producao>
  </UF>
  <UF>
    <sigla>AL</sigla>
    <!--  SEFAZ VIRTUAL RIO GRANDE DO SUL  -->
    <homologacao>
      <NfeRecepcao service='nfeRecepcaoLote' versao='1.10'>https://homologacao.nfe.sefazvirtual.rs.gov.br/ws/nferecepcao/NfeRecepcao.asmx</NfeRecepcao>
      <NfeRetRecepcao service='nfeRetRecepcao' versao='1.10'>https://homologacao.nfe.sefazvirtual.rs.gov.br/ws/nferetrecepcao/NfeRetRecepcao.asmx</NfeRetRecepcao>
      <NfeCancelamento service='nfeCancelamentoNF' versao='1.07'>https://homologacao.nfe.sefazvirtual.rs.gov.br/ws/nfecancelamento/NfeCancelamento.asmx</NfeCancelamento>
      <NfeInutilizacao service='nfeInutilizacaoNF' versao='1.07'>https://homologacao.nfe.sefazvirtual.rs.gov.br/ws/nfeinutilizacao/NfeInutilizacao.asmx</NfeInutilizacao>
      <NfeConsultaNF service='nfeConsultaNF' versao='1.07'>https://homologacao.nfe.sefazvirtual.rs.gov.br/ws/nfeconsulta/NfeConsulta.asmx</NfeConsultaNF>
      <NfeStatusServico service='nfeStatusServicoNF' versao='1.07'>https://homologacao.nfe.sefazvirtual.rs.gov.br/ws/nfestatusservico/NfeStatusServico.asmx</NfeStatusServico>
      <ConsultaCadastro service='' versao=''></ConsultaCadastro>
    </homologacao>
    <producao>
      <NfeRecepcao service='nfeRecepcaoLote' versao='1.10'>https://nfe.sefazvirtual.rs.gov.br/ws/nferecepcao/NfeRecepcao.asmx</NfeRecepcao>
      <NfeRetRecepcao service='nfeRetRecepcao' versao='1.10'>https://nfe.sefazvirtual.rs.gov.br/ws/nferetrecepcao/NfeRetRecepcao.asmx</NfeRetRecepcao>
      <NfeCancelamento service='nfeCancelamentoNF' versao='1.07'>https://nfe.sefazvirtual.rs.gov.br/ws/nfecancelamento/NfeCancelamento.asmx</NfeCancelamento>
      <NfeInutilizacao service='nfeInutilizacaoNF' versao='1.07'>https://nfe.sefazvirtual.rs.gov.br/ws/nfeinutilizacao/NfeInutilizacao.asmx</NfeInutilizacao>
      <NfeConsultaNF service='nfeConsultaNF' versao='1.07'>https://nfe.sefazvirtual.rs.gov.br/ws/nfeconsulta/NfeConsulta.asmx</NfeConsultaNF>
      <NfeStatusServico service='nfeStatusServicoNF' versao='1.07'>https://nfe.sefazvirtual.rs.gov.br/ws/nfestatusservico/NfeStatusServico.asmx</NfeStatusServico>
      <ConsultaCadastro service='' versao=''></ConsultaCadastro>
    </producao>
  </UF>
  <UF>
    <sigla>AM</sigla>
    <homologacao>
      <NfeRecepcao service='nfeRecepcaoLote' versao='1.10'>https://homnfe.sefaz.am.gov.br/ws/services/NfeRecepcao</NfeRecepcao>
      <NfeRetRecepcao service='nfeRetRecepcao' versao='1.10'>https://homnfe.sefaz.am.gov.br/ws/services/NfeRetRecepcao</NfeRetRecepcao>
      <NfeCancelamento service='nfeCancelamentoNF' versao='1.07'>https://homnfe.sefaz.am.gov.br/ws/services/NfeCancelamento</NfeCancelamento>
      <NfeInutilizacao service='nfeInutilizacaoNF' versao='1.07'>https://homnfe.sefaz.am.gov.br/ws/services/NfeInutilizacao</NfeInutilizacao>
      <NfeConsultaNF service='nfeConsultaNF' versao='1.07'>https://homnfe.sefaz.am.gov.br/ws/services/NfeConsulta</NfeConsultaNF>
      <NfeStatusServico service='nfeStatusServicoNF' versao='1.07'>https://homnfe.sefaz.am.gov.br/ws/services/NfeStatusServico</NfeStatusServico>
      <ConsultaCadastro service='' versao=''></ConsultaCadastro>
    </homologacao>
    <producao>
      <NfeRecepcao service='nfeRecepcaoLote' versao='1.10'>https://nfe.sefaz.am.gov.br/ws/services/NfeRecepcao</NfeRecepcao>
      <NfeRetRecepcao service='nfeRetRecepcao' versao='1.10'>https://nfe.sefaz.am.gov.br/ws/services/NfeRetRecepcao</NfeRetRecepcao>
      <NfeCancelamento service='nfeCancelamentoNF' versao='1.07'>https://nfe.sefaz.am.gov.br/ws/services/NfeCancelamento</NfeCancelamento>
      <NfeInutilizacao service='nfeInutilizacaoNF' versao='1.07'>https://nfe.sefaz.am.gov.br/ws/services/NfeInutilizacao</NfeInutilizacao>
      <NfeConsultaNF service='nfeConsultaNF' versao='1.07'>https://nfe.sefaz.am.gov.br/ws/services/NfeConsulta</NfeConsultaNF>
      <NfeStatusServico service='nfeStatusServicoNF' versao='1.07'>https://nfe.sefaz.am.gov.br/ws/services/NfeStatusServico</NfeStatusServico>
      <ConsultaCadastro service='' versao=''></ConsultaCadastro>
    </producao>
  </UF>
  <UF>
    <sigla>AP</sigla>
    <!--  SEFAZ VIRTUAL RIO GRANDE DO SUL  -->
    <homologacao>
      <NfeRecepcao service='nfeRecepcaoLote' versao='1.10'>https://homologacao.nfe.sefazvirtual.rs.gov.br/ws/nferecepcao/NfeRecepcao.asmx</NfeRecepcao>
      <NfeRetRecepcao service='nfeRetRecepcao' versao='1.10'>https://homologacao.nfe.sefazvirtual.rs.gov.br/ws/nferetrecepcao/NfeRetRecepcao.asmx</NfeRetRecepcao>
      <NfeCancelamento service='nfeCancelamentoNF' versao='1.07'>https://homologacao.nfe.sefazvirtual.rs.gov.br/ws/nfecancelamento/NfeCancelamento.asmx</NfeCancelamento>
      <NfeInutilizacao service='nfeInutilizacaoNF' versao='1.07'>https://homologacao.nfe.sefazvirtual.rs.gov.br/ws/nfeinutilizacao/NfeInutilizacao.asmx</NfeInutilizacao>
      <NfeConsultaNF service='nfeConsultaNF' versao='1.07'>https://homologacao.nfe.sefazvirtual.rs.gov.br/ws/nfeconsulta/NfeConsulta.asmx</NfeConsultaNF>
      <NfeStatusServico service='nfeStatusServicoNF' versao='1.07'>https://homologacao.nfe.sefazvirtual.rs.gov.br/ws/nfestatusservico/NfeStatusServico.asmx</NfeStatusServico>
      <ConsultaCadastro service='' versao=''></ConsultaCadastro>
    </homologacao>
    <producao>
      <NfeRecepcao service='nfeRecepcaoLote' versao='1.10'>https://nfe.sefazvirtual.rs.gov.br/ws/nferecepcao/NfeRecepcao.asmx</NfeRecepcao>
      <NfeRetRecepcao service='nfeRetRecepcao' versao='1.10'>https://nfe.sefazvirtual.rs.gov.br/ws/nferetrecepcao/NfeRetRecepcao.asmx</NfeRetRecepcao>
      <NfeCancelamento service='nfeCancelamentoNF' versao='1.07'>https://nfe.sefazvirtual.rs.gov.br/ws/nfecancelamento/NfeCancelamento.asmx</NfeCancelamento>
      <NfeInutilizacao service='nfeInutilizacaoNF' versao='1.07'>https://nfe.sefazvirtual.rs.gov.br/ws/nfeinutilizacao/NfeInutilizacao.asmx</NfeInutilizacao>
      <NfeConsultaNF service='nfeConsultaNF' versao='1.07'>https://nfe.sefazvirtual.rs.gov.br/ws/nfeconsulta/NfeConsulta.asmx</NfeConsultaNF>
      <NfeStatusServico service='nfeStatusServicoNF' versao='1.07'>https://nfe.sefazvirtual.rs.gov.br/ws/nfestatusservico/NfeStatusServico.asmx</NfeStatusServico>
      <ConsultaCadastro service='' versao=''></ConsultaCadastro>
    </producao>
  </UF>
  <UF>
    <sigla>BA</sigla>
    <homologacao>
      <NfeRecepcao service='nfeRecepcaoLote' versao='1.10'>https://hnfe.sefaz.ba.gov.br/webservices/nfe/NfeRecepcao.asmx</NfeRecepcao>
      <NfeRetRecepcao service='nfeRetRecepcao' versao='1.10'>https://hnfe.sefaz.ba.gov.br/webservices/nfe/NfeRetRecepcao.asmx</NfeRetRecepcao>
      <NfeCancelamento service='nfeCancelamentoNF' versao='1.07'>https://hnfe.sefaz.ba.gov.br/webservices/nfe/NfeCancelamento.asmx</NfeCancelamento>
      <NfeInutilizacao service='nfeInutilizacaoNF' versao='1.07'>https://hnfe.sefaz.ba.gov.br/webservices/nfe/NfeInutilizacao.asmx</NfeInutilizacao>
      <NfeConsultaNF service='nfeConsultaNF' versao='1.07'>https://hnfe.sefaz.ba.gov.br/webservices/nfe/NfeConsulta.asmx</NfeConsultaNF>
      <NfeStatusServico service='nfeStatusServicoNF' versao='1.07'>https://hnfe.sefaz.ba.gov.br/webservices/nfe/NfeStatusServico.asmx</NfeStatusServico>
      <ConsultaCadastro service='consultaCadastro' versao='1.01'>https://hnfe.sefaz.ba.gov.br/webservices/nfe/CadConsultaCadastro.asmx</ConsultaCadastro>
    </homologacao>
    <producao>
      <NfeRecepcao service='nfeRecepcaoLote' versao='1.10'>https://nfe.sefaz.ba.gov.br/webservices/nfe/NfeRecepcao.asmx</NfeRecepcao>
      <NfeRetRecepcao service='nfeRetRecepcao' versao='1.10'>https://nfe.sefaz.ba.gov.br/webservices/nfe/NfeRetRecepcao.asmx</NfeRetRecepcao>
      <NfeCancelamento service='nfeCancelamentoNF' versao='1.07'>https://nfe.sefaz.ba.gov.br/webservices/nfe/NfeCancelamento.asmx</NfeCancelamento>
      <NfeInutilizacao service='nfeInutilizacaoNF' versao='1.07'>https://nfe.sefaz.ba.gov.br/webservices/nfe/NfeInutilizacao.asmx</NfeInutilizacao>
      <NfeConsultaNF service='nfeConsultaNF' versao='1.07'>https://nfe.sefaz.ba.gov.br/webservices/nfe/NfeConsulta.asmx</NfeConsultaNF>
      <NfeStatusServico service='nfeStatusServicoNF' versao='1.07'>https://nfe.sefaz.ba.gov.br/webservices/nfe/NfeStatusServico.asmx</NfeStatusServico>
      <ConsultaCadastro service='consultaCadastro' versao='1.01'>https://nfe.sefaz.ba.gov.br/webservices/nfe/CadConsultaCadastro.asmx</ConsultaCadastro>
    </producao>
  </UF>
  <UF>
    <sigla>CE</sigla>
    <homologacao>
      <NfeRecepcao service='nfeRecepcaoLote' versao='1.10'>https://nfeh.sefaz.ce.gov.br/nfe/services/NfeRecepcao</NfeRecepcao>
      <NfeRetRecepcao service='nfeRetRecepcao' versao='1.10'>https://nfeh.sefaz.ce.gov.br/nfe/services/NfeRetRecepcao</NfeRetRecepcao>
      <NfeCancelamento service='nfeCancelamentoNF' versao='1.07'>https://nfeh.sefaz.ce.gov.br/nfe/services/NfeCancelamento</NfeCancelamento>
      <NfeInutilizacao service='nfeInutilizacaoNF' versao='1.07'>https://nfeh.sefaz.ce.gov.br/nfe/services/NfeInutilizacao</NfeInutilizacao>
      <NfeConsultaNF service='nfeConsultaNF' versao='1.07'>https://nfeh.sefaz.ce.gov.br/nfe/services/NfeConsulta</NfeConsultaNF>
      <NfeStatusServico service='nfeStatusServicoNF' versao='1.07'>https://nfeh.sefaz.ce.gov.br/nfe/services/NfeStatusServico</NfeStatusServico>
      <ConsultaCadastro service='' versao=''></ConsultaCadastro>
    </homologacao>
    <producao>
      <NfeRecepcao service='nfeRecepcaoLote' versao='1.10'>https://nfe.sefaz.ce.gov.br/nfe/services/NfeRecepcao</NfeRecepcao>
      <NfeRetRecepcao service='nfeRetRecepcao' versao='1.10'>https://nfe.sefaz.ce.gov.br/nfe/services/NfeRetRecepcao</NfeRetRecepcao>
      <NfeCancelamento service='nfeCancelamentoNF' versao='1.07'>https://nfe.sefaz.ce.gov.br/nfe/services/NfeCancelamento</NfeCancelamento>
      <NfeInutilizacao service='nfeInutilizacaoNF' versao='1.07'>https://nfe.sefaz.ce.gov.br/nfe/services/NfeInutilizacao</NfeInutilizacao>
      <NfeConsultaNF service='nfeConsultaNF' versao='1.07'>https://nfe.sefaz.ce.gov.br/nfe/services/NfeConsulta</NfeConsultaNF>
      <NfeStatusServico service='nfeStatusServicoNF' versao='1.07'>https://nfe.sefaz.ce.gov.br/nfe/services/NfeStatusServico</NfeStatusServico>
      <ConsultaCadastro service='' versao=''></ConsultaCadastro>
    </producao>
  </UF>
  <UF>
    <sigla>DF</sigla>
    <homologacao>
      <NfeRecepcao service='nfeRecepcaoLote' versao='1.10'>https://homolog.nfe.fazenda.df.gov.br/nfe/ServiceRecepcao.asmx</NfeRecepcao>
      <NfeRetRecepcao service='nfeRetRecepcao' versao='1.10'>https://homolog.nfe.fazenda.df.gov.br/nfe/ServiceRetRecepcao.asmx</NfeRetRecepcao>
      <NfeCancelamento service='nfeCancelamentoNF' versao='1.07'>https://homolog.nfe.fazenda.df.gov.br/nfe/ServiceCancelamento.asmx</NfeCancelamento>
      <NfeInutilizacao service='nfeInutilizacaoNF' versao='1.07'>https://homolog.nfe.fazenda.df.gov.br/nfe/ServiceInutilizacao.asmx</NfeInutilizacao>
      <NfeConsultaNF service='nfeConsultaNF' versao='1.07'>https://homolog.nfe.fazenda.df.gov.br/nfe/ServiceConsulta.asmx</NfeConsultaNF>
      <NfeStatusServico service='nfeStatusServicoNF' versao='1.07'>https://homolog.nfe.fazenda.df.gov.br/nfe/ServiceStatus.asmx</NfeStatusServico>
      <ConsultaCadastro service='consultaCadastro' versao='1.01'>https://homolog.nfe.fazenda.df.gov.br/nfe/ServiceConsultaCadastro.asmx</ConsultaCadastro>
   </homologacao>
   <producao>
      <NfeRecepcao service='nfeRecepcaoLote' versao='1.10'>https://dec.fazenda.df.gov.br/nfe/ServiceRecepcao.asmx</NfeRecepcao>
      <NfeRetRecepcao service='nfeRetRecepcao' versao='1.10'>https://dec.fazenda.df.gov.br/nfe/ServiceRetRecepcao.asmx</NfeRetRecepcao>
      <NfeCancelamento service='nfeCancelamentoNF' versao='1.07'>https://dec.fazenda.df.gov.br/nfe/ServiceCancelamento.asmx</NfeCancelamento>
      <NfeInutilizacao service='nfeInutilizacaoNF' versao='1.07'>https://dec.fazenda.df.gov.br/nfe/ServiceInutilizacao.asmx</NfeInutilizacao>
      <NfeConsultaNF service='nfeConsultaNF' versao='1.07'>https://dec.fazenda.df.gov.br/nfe/ServiceConsulta.asmx</NfeConsultaNF>
      <NfeStatusServico service='nfeStatusServicoNF' versao='1.07'>https://dec.fazenda.df.gov.br/nfe/ServiceStatus.asmx</NfeStatusServico>
      <ConsultaCadastro service='consultaCadastro' versao='1.01'>https://dec.fazenda.df.gov.br/nfe/ServiceConsultaCadastro.asmx</ConsultaCadastro>
    </producao>
  </UF>
  <UF>
    <sigla>ES</sigla>
     <!--  SEFAZ VIRTUAL AMBIENTE NACIONAL  -->
    <homologacao>
      <NfeRecepcao service='nfeRecepcaoLote' versao='1.10'>https://hom.nfe.fazenda.gov.br/NfeRecepcao/NfeRecepcao.asmx</NfeRecepcao>
      <NfeRetRecepcao service='nfeRetRecepcao' versao='1.10'>https://hom.nfe.fazenda.gov.br/NFeRetRecepcao/NFeRetRecepcao.asmx</NfeRetRecepcao>
      <NfeCancelamento service='nfeCancelamentoNF' versao='1.07'>https://hom.nfe.fazenda.gov.br/NFeCancelamento/NFeCancelamento.asmx</NfeCancelamento>
      <NfeInutilizacao service='nfeInutilizacaoNF' versao='1.07'>https://hom.nfe.fazenda.gov.br/NFeInutilizacao/NFeInutilizacao.asmx</NfeInutilizacao>
      <NfeConsultaNF service='nfeConsultaNF' versao='1.07'>https://hom.nfe.fazenda.gov.br/nfeconsulta/nfeconsulta.asmx</NfeConsultaNF>
      <NfeStatusServico service='nfeStatusServicoNF' versao='1.07'>https://hom.nfe.fazenda.gov.br/NFeStatusServico/NFeStatusServico.asmx</NfeStatusServico>
      <ConsultaCadastro service='' versao=''></ConsultaCadastro>
    </homologacao>
    <producao>
      <NfeRecepcao service='nfeRecepcaoLote' versao='1.10'>https://www.sefazvirtual.fazenda.gov.br/NfeRecepcao/NfeRecepcao.asmx</NfeRecepcao>
      <NfeRetRecepcao service='nfeRetRecepcao' versao='1.10'>https://www.sefazvirtual.fazenda.gov.br/NFeRetRecepcao/NFeRetRecepcao.asmx</NfeRetRecepcao>
      <NfeCancelamento service='nfeCancelamentoNF' versao='1.07'>https://www.sefazvirtual.fazenda.gov.br/NFeCancelamento/NFeCancelamento.asmx</NfeCancelamento>
      <NfeInutilizacao service='nfeInutilizacaoNF' versao='1.07'>https://www.sefazvirtual.fazenda.gov.br/NFeInutilizacao/NFeInutilizacao.asmx</NfeInutilizacao>
      <NfeConsultaNF service='nfeConsultaNF' versao='1.07'>https://www.sefazvirtual.fazenda.gov.br/nfeconsulta/nfeconsulta.asmx</NfeConsultaNF>
      <NfeStatusServico service='nfeStatusServicoNF' versao='1.07'>https://www.sefazvirtual.fazenda.gov.br/NFeStatusServico/NFeStatusServico.asmx</NfeStatusServico>
      <ConsultaCadastro service='' versao=''></ConsultaCadastro>
    </producao>
  </UF>
  <UF>
    <sigla>GO</sigla>
    <homologacao>
      <NfeRecepcao service='nfeRecepcaoLote' versao='1.10'>https://homolog.sefaz.go.gov.br/nfe/services/NfeRecepcao</NfeRecepcao>
      <NfeRetRecepcao service='nfeRetRecepcao' versao='1.10'>https://homolog.sefaz.go.gov.br/nfe/services/NfeRetRecepcao</NfeRetRecepcao>
      <NfeCancelamento service='nfeCancelamentoNF' versao='1.07'>https://homolog.sefaz.go.gov.br/nfe/services/NfeCancelamento</NfeCancelamento>
      <NfeInutilizacao service='nfeInutilizacaoNF' versao='1.07'>https://homolog.sefaz.go.gov.br/nfe/services/NfeInutilizacao</NfeInutilizacao>
      <NfeConsultaNF service='nfeConsultaNF' versao='1.07'>https://homolog.sefaz.go.gov.br/nfe/services/NfeConsulta</NfeConsultaNF>
      <NfeStatusServico service='nfeStatusServicoNF' versao='1.07'>https://homolog.sefaz.go.gov.br/nfe/services/NfeStatusServico</NfeStatusServico>
      <ConsultaCadastro service='consultaCadastro' versao='1.01'>https://homolog.sefaz.go.gov.br/nfe/services/CadConsultaCadastro</ConsultaCadastro>
    </homologacao>
    <producao>
      <NfeRecepcao service='nfeRecepcaoLote' versao='1.10'>https://nfe.sefaz.go.gov.br/nfe/services/NfeRecepcao</NfeRecepcao>
      <NfeRetRecepcao service='nfeRetRecepcao' versao='1.10'>https://nfe.sefaz.go.gov.br/nfe/services/NfeRetRecepcao</NfeRetRecepcao>
      <NfeCancelamento service='nfeCancelamentoNF' versao='1.07'>https://nfe.sefaz.go.gov.br/nfe/services/NfeCancelamento</NfeCancelamento>
      <NfeInutilizacao service='nfeInutilizacaoNF' versao='1.07'>https://nfe.sefaz.go.gov.br/nfe/services/NfeInutilizacao</NfeInutilizacao>
      <NfeConsultaNF service='nfeConsultaNF' versao='1.07'>https://nfe.sefaz.go.gov.br/nfe/services/NfeConsulta</NfeConsultaNF>
      <NfeStatusServico service='nfeStatusServicoNF' versao='1.07'>https://nfe.sefaz.go.gov.br/nfe/services/NfeStatusServico</NfeStatusServico>
      <ConsultaCadastro service='consultaCadastro' versao='1.01'>https://nfe.sefaz.go.gov.br/nfe/services/CadConsultaCadastro</ConsultaCadastro>
    </producao>
  </UF>
  <UF>
    <sigla>MA</sigla>
    <!--  SEFAZ VIRTUAL AMBIENTE NACIONAL  -->
    <homologacao>
      <NfeRecepcao service='nfeRecepcaoLote' versao='1.10'>https://hom.nfe.fazenda.gov.br/NfeRecepcao/NfeRecepcao.asmx</NfeRecepcao>
      <NfeRetRecepcao service='nfeRetRecepcao' versao='1.10'>https://hom.nfe.fazenda.gov.br/NFeRetRecepcao/NFeRetRecepcao.asmx</NfeRetRecepcao>
      <NfeCancelamento service='nfeCancelamentoNF' versao='1.07'>https://hom.nfe.fazenda.gov.br/NFeCancelamento/NFeCancelamento.asmx</NfeCancelamento>
      <NfeInutilizacao service='nfeInutilizacaoNF' versao='1.07'>https://hom.nfe.fazenda.gov.br/NFeInutilizacao/NFeInutilizacao.asmx</NfeInutilizacao>
      <NfeConsultaNF service='nfeConsultaNF' versao='1.07'>https://hom.nfe.fazenda.gov.br/nfeconsulta/nfeconsulta.asmx</NfeConsultaNF>
      <NfeStatusServico service='nfeStatusServicoNF' versao='1.07'>https://hom.nfe.fazenda.gov.br/NFeStatusServico/NFeStatusServico.asmx</NfeStatusServico>
      <ConsultaCadastro service='' versao=''></ConsultaCadastro>
    </homologacao>
    <producao>
      <NfeRecepcao service='nfeRecepcaoLote' versao='1.10'>https://www.sefazvirtual.fazenda.gov.br/NfeRecepcao/NfeRecepcao.asmx</NfeRecepcao>
      <NfeRetRecepcao service='nfeRetRecepcao' versao='1.10'>https://www.sefazvirtual.fazenda.gov.br/NFeRetRecepcao/NFeRetRecepcao.asmx</NfeRetRecepcao>
      <NfeCancelamento service='nfeCancelamentoNF' versao='1.07'>https://www.sefazvirtual.fazenda.gov.br/NFeCancelamento/NFeCancelamento.asmx</NfeCancelamento>
      <NfeInutilizacao service='nfeInutilizacaoNF' versao='1.07'>https://www.sefazvirtual.fazenda.gov.br/NFeInutilizacao/NFeInutilizacao.asmx</NfeInutilizacao>
      <NfeConsultaNF service='nfeConsultaNF' versao='1.07'>https://www.sefazvirtual.fazenda.gov.br/nfeconsulta/nfeconsulta.asmx</NfeConsultaNF>
      <NfeStatusServico service='nfeStatusServicoNF' versao='1.07'>https://www.sefazvirtual.fazenda.gov.br/NFeStatusServico/NFeStatusServico.asmx</NfeStatusServico>
      <ConsultaCadastro service='' versao=''></ConsultaCadastro>
    </producao>
  </UF>
  <UF>
    <sigla>MG</sigla>
    <homologacao>
      <NfeRecepcao service='nfeRecepcaoLote' versao='1.10'>https://hnfe.fazenda.mg.gov.br/nfe/services/NfeRecepcao</NfeRecepcao>
      <NfeRetRecepcao service='nfeRetRecepcao' versao='1.10'>https://hnfe.fazenda.mg.gov.br/nfe/services/NfeRetRecepcao</NfeRetRecepcao>
      <NfeCancelamento service='nfeCancelamentoNF' versao='1.07'>https://hnfe.fazenda.mg.gov.br/nfe/services/NfeCancelamento</NfeCancelamento>
      <NfeInutilizacao service='nfeInutilizacaoNF' versao='1.07'>https://hnfe.fazenda.mg.gov.br/nfe/services/NfeInutilizacao</NfeInutilizacao>
      <NfeConsultaNF service='nfeConsultaNF' versao='1.07'>https://hnfe.fazenda.mg.gov.br/nfe/services/NfeConsulta</NfeConsultaNF>
      <NfeStatusServico service='nfeStatusServicoNF' versao='1.07'>https://hnfe.fazenda.mg.gov.br/nfe/services/NfeStatusServico</NfeStatusServico>
      <ConsultaCadastro service='consultaCadastro' versao='1.01'>https://hnfe.fazenda.mg.gov.br/nfe/services/CadConsultaCadastro</ConsultaCadastro>
    </homologacao>
    <producao>
      <NfeRecepcao service='nfeRecepcaoLote' versao='1.10'>https://nfe.fazenda.mg.gov.br/nfe/services/NfeRecepcao</NfeRecepcao>
      <NfeRetRecepcao service='nfeRetRecepcao' versao='1.10'>https://nfe.fazenda.mg.gov.br/nfe/services/NfeRetRecepcao</NfeRetRecepcao>
      <NfeCancelamento service='nfeCancelamentoNF' versao='1.07'>https://nfe.fazenda.mg.gov.br/nfe/services/NfeCancelamento</NfeCancelamento>
      <NfeInutilizacao service='nfeInutilizacaoNF' versao='1.07'>https://nfe.fazenda.mg.gov.br/nfe/services/NfeInutilizacao</NfeInutilizacao>
      <NfeConsultaNF service='nfeConsultaNF' versao='1.07'>https://nfe.fazenda.mg.gov.br/nfe/services/NfeConsulta</NfeConsultaNF>
      <NfeStatusServico service='nfeStatusServicoNF' versao='1.07'>https://nfe.fazenda.mg.gov.br/nfe/services/NfeStatusServico</NfeStatusServico>
      <ConsultaCadastro service='' versao=''></ConsultaCadastro>
    </producao>
  </UF>
  <UF>
    <sigla>MS</sigla>
    <homologacao>
      <NfeRecepcao service='nfeRecepcaoLote' versao='1.10'>https://homologacao.nfe.ms.gov.br/homologacao/services/NfeRecepcao</NfeRecepcao>
      <NfeRetRecepcao service='nfeRetRecepcao' versao='1.10'>https://homologacao.nfe.ms.gov.br/homologacao/services/NfeRetRecepcao</NfeRetRecepcao>
      <NfeCancelamento service='nfeCancelamentoNF' versao='1.07'>https://homologacao.nfe.ms.gov.br/homologacao/services/NfeCancelamento</NfeCancelamento>
      <NfeInutilizacao service='nfeInutilizacaoNF' versao='1.07'>https://homologacao.nfe.ms.gov.br/homologacao/services/NfeInutilizacao</NfeInutilizacao>
      <NfeConsultaNF service='nfeConsultaNF' versao='1.07'>https://homologacao.nfe.ms.gov.br/homologacao/services/NfeConsulta</NfeConsultaNF>
      <NfeStatusServico service='nfeStatusServicoNF' versao='1.07'>https://homologacao.nfe.ms.gov.br/homologacao/services/NfeStatusServico</NfeStatusServico>
      <ConsultaCadastro service='' versao=''></ConsultaCadastro>
    </homologacao>
    <producao>
      <NfeRecepcao service='nfeRecepcaoLote' versao='1.10'>https://producao.nfe.ms.gov.br/producao/services/NfeRecepcao</NfeRecepcao>
      <NfeRetRecepcao service='nfeRetRecepcao' versao='1.10'>https://producao.nfe.ms.gov.br/producao/services/NfeRetRecepcao</NfeRetRecepcao>
      <NfeCancelamento service='nfeCancelamentoNF' versao='1.07'>https://producao.nfe.ms.gov.br/producao/services/NfeCancelamento</NfeCancelamento>
      <NfeInutilizacao service='nfeInutilizacaoNF' versao='1.07'>https://producao.nfe.ms.gov.br/producao/services/NfeInutilizacao</NfeInutilizacao>
      <NfeConsultaNF service='nfeConsultaNF' versao='1.07'>https://producao.nfe.ms.gov.br/producao/services/NfeConsulta</NfeConsultaNF>
      <NfeStatusServico service='nfeStatusServicoNF' versao='1.07'>https://producao.nfe.ms.gov.br/producao/services/NfeStatusServico</NfeStatusServico>
      <ConsultaCadastro service='' versao=''></ConsultaCadastro>
    </producao>
  </UF>
  <UF>
    <sigla>MT</sigla>
    <homologacao>
      <NfeRecepcao service='nfeRecepcaoLote' versao='1.10'>https://homologacao.sefaz.mt.gov.br/nfews/NfeRecepcao</NfeRecepcao>
      <NfeRetRecepcao service='nfeRetRecepcao' versao='1.10'>https://homologacao.sefaz.mt.gov.br/nfews/NfeRetRecepcao</NfeRetRecepcao>
      <NfeCancelamento service='nfeCancelamentoNF' versao='1.07'>https://homologacao.sefaz.mt.gov.br/nfews/NfeCancelamento</NfeCancelamento>
      <NfeInutilizacao service='nfeInutilizacaoNF' versao='1.07'>https://homologacao.sefaz.mt.gov.br/nfews/NfeInutilizacao</NfeInutilizacao>
      <NfeConsultaNF service='nfeConsultaNF' versao='1.07'>https://homologacao.sefaz.mt.gov.br/nfews/NfeConsulta</NfeConsultaNF>
      <NfeStatusServico service='nfeStatusServicoNF' versao='1.07'>https://homologacao.sefaz.mt.gov.br/nfews/NfeStatusServico</NfeStatusServico>
      <ConsultaCadastro service='consultaCadastro' versao='1.01'>https://homologacao.sefaz.mt.gov.br/nfews/CadConsultaCadastro</ConsultaCadastro>
    </homologacao>
    <producao>
      <NfeRecepcao service='nfeRecepcaoLote' versao='1.10'>https://nfe.sefaz.mt.gov.br/nfews/NfeRecepcao</NfeRecepcao>
      <NfeRetRecepcao service='nfeRetRecepcao' versao='1.10'>https://nfe.sefaz.mt.gov.br/nfews/NfeRetRecepcao</NfeRetRecepcao>
      <NfeCancelamento service='nfeCancelamentoNF' versao='1.07'>https://nfe.sefaz.mt.gov.br/nfews/NfeCancelamento</NfeCancelamento>
      <NfeInutilizacao service='nfeInutilizacaoNF' versao='1.07'>https://nfe.sefaz.mt.gov.br/nfews/NfeInutilizacao</NfeInutilizacao>
      <NfeConsultaNF service='nfeConsultaNF' versao='1.07'>https://nfe.sefaz.mt.gov.br/nfews/NfeConsulta</NfeConsultaNF>
      <NfeStatusServico service='nfeStatusServicoNF' versao='1.07'>https://nfe.sefaz.mt.gov.br/nfews/NfeStatusServico</NfeStatusServico>
      <ConsultaCadastro service='consultaCadastro' versao='1.01'>https://nfe.sefaz.mt.gov.br/nfews/CadConsultaCadastro</ConsultaCadastro>
    </producao>
  </UF>
  <UF>
    <sigla>PA</sigla>
    <!--  SEFAZ VIRTUAL AMBIENTE NACIONAL  -->
    <homologacao>
      <NfeRecepcao service='nfeRecepcaoLote' versao='1.10'>https://hom.nfe.fazenda.gov.br/NfeRecepcao/NfeRecepcao.asmx</NfeRecepcao>
      <NfeRetRecepcao service='nfeRetRecepcao' versao='1.10'>https://hom.nfe.fazenda.gov.br/NFeRetRecepcao/NFeRetRecepcao.asmx</NfeRetRecepcao>
      <NfeCancelamento service='nfeCancelamentoNF' versao='1.07'>https://hom.nfe.fazenda.gov.br/NFeCancelamento/NFeCancelamento.asmx</NfeCancelamento>
      <NfeInutilizacao service='nfeInutilizacaoNF' versao='1.07'>https://hom.nfe.fazenda.gov.br/NFeInutilizacao/NFeInutilizacao.asmx</NfeInutilizacao>
      <NfeConsultaNF service='nfeConsultaNF' versao='1.07'>https://hom.nfe.fazenda.gov.br/nfeconsulta/nfeconsulta.asmx</NfeConsultaNF>
      <NfeStatusServico service='nfeStatusServicoNF' versao='1.07'>https://hom.nfe.fazenda.gov.br/NFeStatusServico/NFeStatusServico.asmx</NfeStatusServico>
      <ConsultaCadastro service='' versao=''></ConsultaCadastro>
    </homologacao>
    <producao>
      <NfeRecepcao service='nfeRecepcaoLote' versao='1.10'>https://www.sefazvirtual.fazenda.gov.br/NfeRecepcao/NfeRecepcao.asmx</NfeRecepcao>
      <NfeRetRecepcao service='nfeRetRecepcao' versao='1.10'>https://www.sefazvirtual.fazenda.gov.br/NFeRetRecepcao/NFeRetRecepcao.asmx</NfeRetRecepcao>
      <NfeCancelamento service='nfeCancelamentoNF' versao='1.07'>https://www.sefazvirtual.fazenda.gov.br/NFeCancelamento/NFeCancelamento.asmx</NfeCancelamento>
      <NfeInutilizacao service='nfeInutilizacaoNF' versao='1.07'>https://www.sefazvirtual.fazenda.gov.br/NFeInutilizacao/NFeInutilizacao.asmx</NfeInutilizacao>
      <NfeConsultaNF service='nfeConsultaNF' versao='1.07'>https://www.sefazvirtual.fazenda.gov.br/nfeconsulta/nfeconsulta.asmx</NfeConsultaNF>
      <NfeStatusServico service='nfeStatusServicoNF' versao='1.07'>https://www.sefazvirtual.fazenda.gov.br/NFeStatusServico/NFeStatusServico.asmx</NfeStatusServico>
      <ConsultaCadastro service='' versao=''></ConsultaCadastro>
    </producao>
  </UF>
  <UF>
    <sigla>PB</sigla>
    <!--  SEFAZ VIRTUAL RIO GRANDE DO SUL  -->
    <homologacao>
      <NfeRecepcao service='nfeRecepcaoLote' versao='1.10'>https://homologacao.nfe.sefazvirtual.rs.gov.br/ws/nferecepcao/NfeRecepcao.asmx</NfeRecepcao>
      <NfeRetRecepcao service='nfeRetRecepcao' versao='1.10'>https://homologacao.nfe.sefazvirtual.rs.gov.br/ws/nferetrecepcao/NfeRetRecepcao.asmx</NfeRetRecepcao>
      <NfeCancelamento service='nfeCancelamentoNF' versao='1.07'>https://homologacao.nfe.sefazvirtual.rs.gov.br/ws/nfecancelamento/NfeCancelamento.asmx</NfeCancelamento>
      <NfeInutilizacao service='nfeInutilizacaoNF' versao='1.07'>https://homologacao.nfe.sefazvirtual.rs.gov.br/ws/nfeinutilizacao/NfeInutilizacao.asmx</NfeInutilizacao>
      <NfeConsultaNF service='nfeConsultaNF' versao='1.07'>https://homologacao.nfe.sefazvirtual.rs.gov.br/ws/nfeconsulta/NfeConsulta.asmx</NfeConsultaNF>
      <NfeStatusServico service='nfeStatusServicoNF' versao='1.07'>https://homologacao.nfe.sefazvirtual.rs.gov.br/ws/nfestatusservico/NfeStatusServico.asmx</NfeStatusServico>
      <ConsultaCadastro service='' versao=''></ConsultaCadastro>
    </homologacao>
    <producao>
      <NfeRecepcao service='nfeRecepcaoLote' versao='1.10'>https://nfe.sefazvirtual.rs.gov.br/ws/nferecepcao/NfeRecepcao.asmx</NfeRecepcao>
      <NfeRetRecepcao service='nfeRetRecepcao' versao='1.10'>https://nfe.sefazvirtual.rs.gov.br/ws/nferetrecepcao/NfeRetRecepcao.asmx</NfeRetRecepcao>
      <NfeCancelamento service='nfeCancelamentoNF' versao='1.07'>https://nfe.sefazvirtual.rs.gov.br/ws/nfecancelamento/NfeCancelamento.asmx</NfeCancelamento>
      <NfeInutilizacao service='nfeInutilizacaoNF' versao='1.07'>https://nfe.sefazvirtual.rs.gov.br/ws/nfeinutilizacao/NfeInutilizacao.asmx</NfeInutilizacao>
      <NfeConsultaNF service='nfeConsultaNF' versao='1.07'>https://nfe.sefazvirtual.rs.gov.br/ws/nfeconsulta/NfeConsulta.asmx</NfeConsultaNF>
      <NfeStatusServico service='nfeStatusServicoNF' versao='1.07'>https://nfe.sefazvirtual.rs.gov.br/ws/nfestatusservico/NfeStatusServico.asmx</NfeStatusServico>
      <ConsultaCadastro service='' versao=''></ConsultaCadastro>
    </producao>
  </UF>
  <UF>
    <sigla>PE</sigla>
    <homologacao>
      <NfeRecepcao service='nfeRecepcaoLote' versao='1.10'>https://nfehomolog.sefaz.pe.gov.br/nfe-service/services/NfeRecepcao</NfeRecepcao>
      <NfeRetRecepcao service='nfeRetRecepcao' versao='1.10'>https://nfehomolog.sefaz.pe.gov.br/nfe-service/services/NfeRetRecepcao</NfeRetRecepcao>
      <NfeCancelamento service='nfeCancelamentoNF' versao='1.07'>https://nfehomolog.sefaz.pe.gov.br/nfe-service/services/NfeCancelamento</NfeCancelamento>
      <NfeInutilizacao service='nfeInutilizacaoNF' versao='1.07'>https://nfehomolog.sefaz.pe.gov.br/nfe-service/services/NfeInutilizacao</NfeInutilizacao>
      <NfeConsultaNF service='nfeConsultaNF' versao='1.07'>https://nfehomolog.sefaz.pe.gov.br/nfe-service/services/NfeConsulta</NfeConsultaNF>
      <NfeStatusServico service='nfeStatusServicoNF' versao='1.07'>https://nfehomolog.sefaz.pe.gov.br/nfe-service/services/NfeStatusServico</NfeStatusServico>
      <ConsultaCadastro service='consultaCadastro' versao='1.01'>https://nfehomolog.sefaz.pe.gov.br/nfe-service/services/CadConsultaCadastro</ConsultaCadastro>
    </homologacao>
    <producao>
      <NfeRecepcao service='nfeRecepcaoLote' versao='1.10'>https://nfe.sefaz.pe.gov.br/nfe-service/services/NfeRecepcao</NfeRecepcao>
      <NfeRetRecepcao service='nfeRetRecepcao' versao='1.10'>https://nfe.sefaz.pe.gov.br/nfe-service/services/NfeRetRecepcao</NfeRetRecepcao>
      <NfeCancelamento service='nfeCancelamentoNF' versao='1.07'>https://nfe.sefaz.pe.gov.br/nfe-service/services/NfeCancelamento</NfeCancelamento>
      <NfeInutilizacao service='nfeInutilizacaoNF' versao='1.07'>https://nfe.sefaz.pe.gov.br/nfe-service/services/NfeInutilizacao</NfeInutilizacao>
      <NfeConsultaNF service='nfeConsultaNF' versao='1.07'>https://nfe.sefaz.pe.gov.br/nfe-service/services/NfeConsulta</NfeConsultaNF>
      <NfeStatusServico service='nfeStatusServicoNF' versao='1.07'>https://nfe.sefaz.pe.gov.br/nfe-service/services/NfeStatusServico</NfeStatusServico>
      <ConsultaCadastro service='consultaCadastro' versao='1.01'>https://nfe.sefaz.pe.gov.br/nfe-service/services/CadConsultaCadastro</ConsultaCadastro>
    </producao>
  </UF>
  <UF>
    <sigla>PI</sigla>
    <!--  SEFAZ VIRTUAL AMBIENTE NACIONAL  -->
    <homologacao>
      <NfeRecepcao service='nfeRecepcaoLote' versao='1.10'>https://hom.nfe.fazenda.gov.br/NfeRecepcao/NfeRecepcao.asmx</NfeRecepcao>
      <NfeRetRecepcao service='nfeRetRecepcao' versao='1.10'>https://hom.nfe.fazenda.gov.br/NFeRetRecepcao/NFeRetRecepcao.asmx</NfeRetRecepcao>
      <NfeCancelamento service='nfeCancelamentoNF' versao='1.07'>https://hom.nfe.fazenda.gov.br/NFeCancelamento/NFeCancelamento.asmx</NfeCancelamento>
      <NfeInutilizacao service='nfeInutilizacaoNF' versao='1.07'>https://hom.nfe.fazenda.gov.br/NFeInutilizacao/NFeInutilizacao.asmx</NfeInutilizacao>
      <NfeConsultaNF service='nfeConsultaNF' versao='1.07'>https://hom.nfe.fazenda.gov.br/nfeconsulta/nfeconsulta.asmx</NfeConsultaNF>
      <NfeStatusServico service='nfeStatusServicoNF' versao='1.07'>https://hom.nfe.fazenda.gov.br/NFeStatusServico/NFeStatusServico.asmx</NfeStatusServico>
      <ConsultaCadastro service='' versao=''></ConsultaCadastro>
    </homologacao>
    <producao>
      <NfeRecepcao service='nfeRecepcaoLote' versao='1.10'>https://www.sefazvirtual.fazenda.gov.br/NfeRecepcao/NfeRecepcao.asmx</NfeRecepcao>
      <NfeRetRecepcao service='nfeRetRecepcao' versao='1.10'>https://www.sefazvirtual.fazenda.gov.br/NFeRetRecepcao/NFeRetRecepcao.asmx</NfeRetRecepcao>
      <NfeCancelamento service='nfeCancelamentoNF' versao='1.07'>https://www.sefazvirtual.fazenda.gov.br/NFeCancelamento/NFeCancelamento.asmx</NfeCancelamento>
      <NfeInutilizacao service='nfeInutilizacaoNF' versao='1.07'>https://www.sefazvirtual.fazenda.gov.br/NFeInutilizacao/NFeInutilizacao.asmx</NfeInutilizacao>
      <NfeConsultaNF service='nfeConsultaNF' versao='1.07'>https://www.sefazvirtual.fazenda.gov.br/nfeconsulta/nfeconsulta.asmx</NfeConsultaNF>
      <NfeStatusServico service='nfeStatusServicoNF' versao='1.07'>https://www.sefazvirtual.fazenda.gov.br/NFeStatusServico/NFeStatusServico.asmx</NfeStatusServico>
      <ConsultaCadastro service='' versao=''></ConsultaCadastro>
    </producao>
  </UF>
  <UF>
    <sigla>PR</sigla>
    <homologacao>
      <NfeRecepcao service='nfeRecepcaoLote' versao='1.10'>https://homologacao.nfe.fazenda.pr.gov.br/NFENWebServices/services/nfeRecepcao</NfeRecepcao>
      <NfeRetRecepcao service='nfeRetRecepcao' versao='1.10'>https://homologacao.nfe.fazenda.pr.gov.br/NFENWebServices/services/nfeRetRecepcao</NfeRetRecepcao>
      <NfeCancelamento service='nfeCancelamentoNF' versao='1.07'>https://homologacao.nfe.fazenda.pr.gov.br/NFENWebServices/services/nfeCancelamentoNF</NfeCancelamento>
      <NfeInutilizacao service='nfeInutilizacaoNF' versao='1.07'>https://homologacao.nfe.fazenda.pr.gov.br/NFENWebServices/services/nfeInutilizacaoNF</NfeInutilizacao>
      <NfeConsultaNF service='nfeConsultaNF' versao='1.07'>https://homologacao.nfe.fazenda.pr.gov.br/NFENWebServices/services/nfeConsultaNF</NfeConsultaNF>
      <NfeStatusServico service='nfeStatusServicoNF' versao='1.07'>https://homologacao.nfe.fazenda.pr.gov.br/NFENWebServices/services/nfeStatusServicoNF</NfeStatusServico>
      <ConsultaCadastro service='' versao=''></ConsultaCadastro>
    </homologacao>
    <producao>
      <NfeRecepcao service='nfeRecepcaoLote' versao='1.10'>https://nfe.fazenda.pr.gov.br/NFENWebServices/services/nfeRecepcao</NfeRecepcao>
      <NfeRetRecepcao service='nfeRetRecepcao' versao='1.10'>https://nfe.fazenda.pr.gov.br/NFENWebServices/services/nfeRetRecepcao</NfeRetRecepcao>
      <NfeCancelamento service='nfeCancelamentoNF' versao='1.07'>https://nfe.fazenda.pr.gov.br/NFENWebServices/services/nfeCancelamentoNF</NfeCancelamento>
      <NfeInutilizacao service='nfeInutilizacaoNF' versao='1.07'>https://nfe.fazenda.pr.gov.br/NFENWebServices/services/nfeInutilizacaoNF</NfeInutilizacao>
      <NfeConsultaNF service='nfeConsultaNF' versao='1.07'>https://nfe.fazenda.pr.gov.br/NFENWebServices/services/nfeConsultaNF</NfeConsultaNF>
      <NfeStatusServico service='nfeStatusServicoNF' versao='1.07'>https://nfe.fazenda.pr.gov.br/NFENWebServices/services/nfeStatusServicoNF</NfeStatusServico>
      <ConsultaCadastro service='' versao=''></ConsultaCadastro>
    </producao>
  </UF>
  <UF>
    <sigla>RJ</sigla>
    <!--  SEFAZ VIRTUAL RIO GRANDE DO SUL  -->
    <homologacao>
      <NfeRecepcao service='nfeRecepcaoLote' versao='1.10'>https://homologacao.nfe.sefazvirtual.rs.gov.br/ws/nferecepcao/NfeRecepcao.asmx</NfeRecepcao>
      <NfeRetRecepcao service='nfeRetRecepcao' versao='1.10'>https://homologacao.nfe.sefazvirtual.rs.gov.br/ws/nferetrecepcao/NfeRetRecepcao.asmx</NfeRetRecepcao>
      <NfeCancelamento service='nfeCancelamentoNF' versao='1.07'>https://homologacao.nfe.sefazvirtual.rs.gov.br/ws/nfecancelamento/NfeCancelamento.asmx</NfeCancelamento>
      <NfeInutilizacao service='nfeInutilizacaoNF' versao='1.07'>https://homologacao.nfe.sefazvirtual.rs.gov.br/ws/nfeinutilizacao/NfeInutilizacao.asmx</NfeInutilizacao>
      <NfeConsultaNF service='nfeConsultaNF' versao='1.07'>https://homologacao.nfe.sefazvirtual.rs.gov.br/ws/nfeconsulta/NfeConsulta.asmx</NfeConsultaNF>
      <NfeStatusServico service='nfeStatusServicoNF' versao='1.07'>https://homologacao.nfe.sefazvirtual.rs.gov.br/ws/nfestatusservico/NfeStatusServico.asmx</NfeStatusServico>
      <ConsultaCadastro service='' versao=''></ConsultaCadastro>
    </homologacao>
    <producao>
      <NfeRecepcao service='nfeRecepcaoLote' versao='1.10'>https://nfe.sefazvirtual.rs.gov.br/ws/nferecepcao/NfeRecepcao.asmx</NfeRecepcao>
      <NfeRetRecepcao service='nfeRetRecepcao' versao='1.10'>https://nfe.sefazvirtual.rs.gov.br/ws/nferetrecepcao/NfeRetRecepcao.asmx</NfeRetRecepcao>
      <NfeCancelamento service='nfeCancelamentoNF' versao='1.07'>https://nfe.sefazvirtual.rs.gov.br/ws/nfecancelamento/NfeCancelamento.asmx</NfeCancelamento>
      <NfeInutilizacao service='nfeInutilizacaoNF' versao='1.07'>https://nfe.sefazvirtual.rs.gov.br/ws/nfeinutilizacao/NfeInutilizacao.asmx</NfeInutilizacao>
      <NfeConsultaNF service='nfeConsultaNF' versao='1.07'>https://nfe.sefazvirtual.rs.gov.br/ws/nfeconsulta/NfeConsulta.asmx</NfeConsultaNF>
      <NfeStatusServico service='nfeStatusServicoNF' versao='1.07'>https://nfe.sefazvirtual.rs.gov.br/ws/nfestatusservico/NfeStatusServico.asmx</NfeStatusServico>
      <ConsultaCadastro service='' versao=''></ConsultaCadastro>
    </producao>
  </UF>
  <UF>
    <sigla>RN</sigla>
    <!--  SEFAZ VIRTUAL AMBIENTE NACIONAL  -->
    <homologacao>
      <NfeRecepcao service='nfeRecepcaoLote' versao='1.10'>https://hom.nfe.fazenda.gov.br/NfeRecepcao/NfeRecepcao.asmx</NfeRecepcao>
      <NfeRetRecepcao service='nfeRetRecepcao' versao='1.10'>https://hom.nfe.fazenda.gov.br/NFeRetRecepcao/NFeRetRecepcao.asmx</NfeRetRecepcao>
      <NfeCancelamento service='nfeCancelamentoNF' versao='1.07'>https://hom.nfe.fazenda.gov.br/NFeCancelamento/NFeCancelamento.asmx</NfeCancelamento>
      <NfeInutilizacao service='nfeInutilizacaoNF' versao='1.07'>https://hom.nfe.fazenda.gov.br/NFeInutilizacao/NFeInutilizacao.asmx</NfeInutilizacao>
      <NfeConsultaNF service='nfeConsultaNF' versao='1.07'>https://hom.nfe.fazenda.gov.br/nfeconsulta/nfeconsulta.asmx</NfeConsultaNF>
      <NfeStatusServico service='nfeStatusServicoNF' versao='1.07'>https://hom.nfe.fazenda.gov.br/NFeStatusServico/NFeStatusServico.asmx</NfeStatusServico>
      <ConsultaCadastro service='' versao=''></ConsultaCadastro>
    </homologacao>
    <producao>
      <NfeRecepcao service='nfeRecepcaoLote' versao='1.10'>https://www.sefazvirtual.fazenda.gov.br/NfeRecepcao/NfeRecepcao.asmx</NfeRecepcao>
      <NfeRetRecepcao service='nfeRetRecepcao' versao='1.10'>https://www.sefazvirtual.fazenda.gov.br/NFeRetRecepcao/NFeRetRecepcao.asmx</NfeRetRecepcao>
      <NfeCancelamento service='nfeCancelamentoNF' versao='1.07'>https://www.sefazvirtual.fazenda.gov.br/NFeCancelamento/NFeCancelamento.asmx</NfeCancelamento>
      <NfeInutilizacao service='nfeInutilizacaoNF' versao='1.07'>https://www.sefazvirtual.fazenda.gov.br/NFeInutilizacao/NFeInutilizacao.asmx</NfeInutilizacao>
      <NfeConsultaNF service='nfeConsultaNF' versao='1.07'>https://www.sefazvirtual.fazenda.gov.br/nfeconsulta/nfeconsulta.asmx</NfeConsultaNF>
      <NfeStatusServico service='nfeStatusServicoNF' versao='1.07'>https://www.sefazvirtual.fazenda.gov.br/NFeStatusServico/NFeStatusServico.asmx</NfeStatusServico>
      <ConsultaCadastro service='' versao=''></ConsultaCadastro>
    </producao>
  </UF>
  <UF>
    <sigla>RO</sigla>
    <homologacao>
      <NfeRecepcao service='nfeRecepcaoLote' versao='1.10'>https://homologacao.nfe.sefazvirtual.rs.gov.br/ws/nferecepcao/NfeRecepcao.asmx</NfeRecepcao>
      <NfeRetRecepcao service='nfeRetRecepcao' versao='1.10'>https://homologacao.nfe.sefazvirtual.rs.gov.br/ws/nferetrecepcao/NfeRetRecepcao.asmx</NfeRetRecepcao>
      <NfeCancelamento service='nfeCancelamentoNF' versao='1.07'>https://homologacao.nfe.sefazvirtual.rs.gov.br/ws/nfecancelamento/NfeCancelamento.asmx</NfeCancelamento>
      <NfeInutilizacao service='nfeInutilizacaoNF' versao='1.07'>https://homologacao.nfe.sefazvirtual.rs.gov.br/ws/nfeinutilizacao/NfeInutilizacao.asmx</NfeInutilizacao>
      <NfeConsultaNF service='nfeConsultaNF' versao='1.07'>https://homologacao.nfe.sefazvirtual.rs.gov.br/ws/nfeconsulta/NfeConsulta.asmx</NfeConsultaNF>
      <NfeStatusServico service='nfeStatusServicoNF' versao='1.07'>https://homologacao.nfe.sefazvirtual.rs.gov.br/ws/nfestatusservico/NfeStatusServico.asmx</NfeStatusServico>
      <ConsultaCadastro service='consultaCadastro' versao='1.01'>https://ws.nfe.sefin.ro.gov.br/ws/CadConsultaCadastro</ConsultaCadastro>
    </homologacao>
    <producao>
      <NfeRecepcao service='nfeRecepcaoLote' versao='1.10'>https://nfe.sefazvirtual.rs.gov.br/ws/nferecepcao/NfeRecepcao.asmx</NfeRecepcao>
      <NfeRetRecepcao service='nfeRetRecepcao' versao='1.10'>https://nfe.sefazvirtual.rs.gov.br/ws/nferetrecepcao/NfeRetRecepcao.asmx</NfeRetRecepcao>
      <NfeCancelamento service='nfeCancelamentoNF' versao='1.07'>https://nfe.sefazvirtual.rs.gov.br/ws/nfecancelamento/NfeCancelamento.asmx</NfeCancelamento>
      <NfeInutilizacao service='nfeInutilizacaoNF' versao='1.07'>https://nfe.sefazvirtual.rs.gov.br/ws/nfeinutilizacao/NfeInutilizacao.asmx</NfeInutilizacao>
      <NfeConsultaNF service='nfeConsultaNF' versao='1.07'>https://nfe.sefazvirtual.rs.gov.br/ws/nfeconsulta/NfeConsulta.asmx</NfeConsultaNF>
      <NfeStatusServico service='nfeStatusServicoNF' versao='1.07'>https://nfe.sefazvirtual.rs.gov.br/ws/nfestatusservico/NfeStatusServico.asmx</NfeStatusServico>
      <ConsultaCadastro service='consultaCadastro' versao='1.01'>https://ws.nfe.sefin.ro.gov.br/wsprod/CadConsultaCadastro</ConsultaCadastro>
    </producao>
  </UF>
  <UF>
    <sigla>RR</sigla>
    <!--  SEFAZ VIRTUAL RIO GRANDE DO SUL  -->
    <homologacao>
      <NfeRecepcao service='nfeRecepcaoLote' versao='1.10'>https://homologacao.nfe.sefazvirtual.rs.gov.br/ws/nferecepcao/NfeRecepcao.asmx</NfeRecepcao>
      <NfeRetRecepcao service='nfeRetRecepcao' versao='1.10'>https://homologacao.nfe.sefazvirtual.rs.gov.br/ws/nferetrecepcao/NfeRetRecepcao.asmx</NfeRetRecepcao>
      <NfeCancelamento service='nfeCancelamentoNF' versao='1.07'>https://homologacao.nfe.sefazvirtual.rs.gov.br/ws/nfecancelamento/NfeCancelamento.asmx</NfeCancelamento>
      <NfeInutilizacao service='nfeInutilizacaoNF' versao='1.07'>https://homologacao.nfe.sefazvirtual.rs.gov.br/ws/nfeinutilizacao/NfeInutilizacao.asmx</NfeInutilizacao>
      <NfeConsultaNF service='nfeConsultaNF' versao='1.07'>https://homologacao.nfe.sefazvirtual.rs.gov.br/ws/nfeconsulta/NfeConsulta.asmx</NfeConsultaNF>
      <NfeStatusServico service='nfeStatusServicoNF' versao='1.07'>https://homologacao.nfe.sefazvirtual.rs.gov.br/ws/nfestatusservico/NfeStatusServico.asmx</NfeStatusServico>
      <ConsultaCadastro service='' versao=''></ConsultaCadastro>
    </homologacao>
    <producao>
      <NfeRecepcao service='nfeRecepcaoLote' versao='1.10'>https://nfe.sefazvirtual.rs.gov.br/ws/nferecepcao/NfeRecepcao.asmx</NfeRecepcao>
      <NfeRetRecepcao service='nfeRetRecepcao' versao='1.10'>https://nfe.sefazvirtual.rs.gov.br/ws/nferetrecepcao/NfeRetRecepcao.asmx</NfeRetRecepcao>
      <NfeCancelamento service='nfeCancelamentoNF' versao='1.07'>https://nfe.sefazvirtual.rs.gov.br/ws/nfecancelamento/NfeCancelamento.asmx</NfeCancelamento>
      <NfeInutilizacao service='nfeInutilizacaoNF' versao='1.07'>https://nfe.sefazvirtual.rs.gov.br/ws/nfeinutilizacao/NfeInutilizacao.asmx</NfeInutilizacao>
      <NfeConsultaNF service='nfeConsultaNF' versao='1.07'>https://nfe.sefazvirtual.rs.gov.br/ws/nfeconsulta/NfeConsulta.asmx</NfeConsultaNF>
      <NfeStatusServico service='nfeStatusServicoNF' versao='1.07'>https://nfe.sefazvirtual.rs.gov.br/ws/nfestatusservico/NfeStatusServico.asmx</NfeStatusServico>
      <ConsultaCadastro service='' versao=''></ConsultaCadastro>
    </producao>
  </UF>
  <UF>
    <sigla>RS</sigla>
    <homologacao>
      <NfeRecepcao service='nfeRecepcaoLote' versao='1.10'>https://homologacao.nfe.sefaz.rs.gov.br/ws/nferecepcao/NfeRecepcao.asmx</NfeRecepcao>
      <NfeRetRecepcao service='nfeRetRecepcao' versao='1.10'>https://homologacao.nfe.sefaz.rs.gov.br/ws/nferetrecepcao/NfeRetRecepcao.asmx</NfeRetRecepcao>
      <NfeCancelamento service='nfeCancelamentoNF' versao='1.07'>https://homologacao.nfe.sefaz.rs.gov.br/ws/nfecancelamento/NfeCancelamento.asmx</NfeCancelamento>
      <NfeInutilizacao service='nfeInutilizacaoNF' versao='1.07'>https://homologacao.nfe.sefaz.rs.gov.br/ws/nfeinutilizacao/NfeInutilizacao.asmx</NfeInutilizacao>
      <NfeConsultaNF service='nfeConsultaNF' versao='1.07'>https://homologacao.nfe.sefaz.rs.gov.br/ws/nfeconsulta/NfeConsulta.asmx</NfeConsultaNF>
      <NfeStatusServico service='nfeStatusServicoNF' versao='1.07'>https://homologacao.nfe.sefaz.rs.gov.br/ws/nfestatusservico/NfeStatusServico.asmx</NfeStatusServico>
      <ConsultaCadastro service='' versao=''>https://sef.sefaz.rs.gov.br/ws/CadConsultaCadastro/CadConsultaCadastro.asmx</ConsultaCadastro>
    </homologacao>
    <producao>
      <NfeRecepcao service='nfeRecepcaoLote' versao='1.10'>https://nfe.sefaz.rs.gov.br/ws/nferecepcao/NfeRecepcao.asmx</NfeRecepcao>
      <NfeRetRecepcao service='nfeRetRecepcao' versao='1.10'>https://nfe.sefaz.rs.gov.br/ws/nferetrecepcao/NfeRetRecepcao.asmx</NfeRetRecepcao>
      <NfeCancelamento service='nfeCancelamentoNF' versao='1.07'>https://nfe.sefaz.rs.gov.br/ws/nfecancelamento/NfeCancelamento.asmx</NfeCancelamento>
      <NfeInutilizacao service='nfeInutilizacaoNF' versao='1.07'>https://nfe.sefaz.rs.gov.br/ws/nfeinutilizacao/NfeInutilizacao.asmx</NfeInutilizacao>
      <NfeConsultaNF service='nfeConsultaNF' versao='1.07'>https://nfe.sefaz.rs.gov.br/ws/nfeconsulta/NfeConsulta.asmx</NfeConsultaNF>
      <NfeStatusServico service='nfeStatusServicoNF' versao='1.07'>https://nfe.sefaz.rs.gov.br/ws/nfestatusservico/NfeStatusServico.asmx</NfeStatusServico>
      <ConsultaCadastro service='consultaCadastro' versao='1.01'>https://sef.sefaz.rs.gov.br/ws/CadConsultaCadastro/CadConsultaCadastro.asmx</ConsultaCadastro>
    </producao>
  </UF>
  <UF>
    <sigla>SC</sigla>
    <!--  SEFAZ VIRTUAL RIO GRANDE DO SUL  -->
    <homologacao>
      <NfeRecepcao service='nfeRecepcaoLote' versao='1.10'>https://homologacao.nfe.sefazvirtual.rs.gov.br/ws/nferecepcao/NfeRecepcao.asmx</NfeRecepcao>
      <NfeRetRecepcao service='nfeRetRecepcao' versao='1.10'>https://homologacao.nfe.sefazvirtual.rs.gov.br/ws/nferetrecepcao/NfeRetRecepcao.asmx</NfeRetRecepcao>
      <NfeCancelamento service='nfeCancelamentoNF' versao='1.07'>https://homologacao.nfe.sefazvirtual.rs.gov.br/ws/nfecancelamento/NfeCancelamento.asmx</NfeCancelamento>
      <NfeInutilizacao service='nfeInutilizacaoNF' versao='1.07'>https://homologacao.nfe.sefazvirtual.rs.gov.br/ws/nfeinutilizacao/NfeInutilizacao.asmx</NfeInutilizacao>
      <NfeConsultaNF service='nfeConsultaNF' versao='1.07'>https://homologacao.nfe.sefazvirtual.rs.gov.br/ws/nfeconsulta/NfeConsulta.asmx</NfeConsultaNF>
      <NfeStatusServico service='nfeStatusServicoNF' versao='1.07'>https://homologacao.nfe.sefazvirtual.rs.gov.br/ws/nfestatusservico/NfeStatusServico.asmx</NfeStatusServico>
      <ConsultaCadastro service='' versao=''></ConsultaCadastro>
    </homologacao>
    <producao>
      <NfeRecepcao service='nfeRecepcaoLote' versao='1.10'>https://nfe.sefazvirtual.rs.gov.br/ws/nferecepcao/NfeRecepcao.asmx</NfeRecepcao>
      <NfeRetRecepcao service='nfeRetRecepcao' versao='1.10'>https://nfe.sefazvirtual.rs.gov.br/ws/nferetrecepcao/NfeRetRecepcao.asmx</NfeRetRecepcao>
      <NfeCancelamento service='nfeCancelamentoNF' versao='1.07'>https://nfe.sefazvirtual.rs.gov.br/ws/nfecancelamento/NfeCancelamento.asmx</NfeCancelamento>
      <NfeInutilizacao service='nfeInutilizacaoNF' versao='1.07'>https://nfe.sefazvirtual.rs.gov.br/ws/nfeinutilizacao/NfeInutilizacao.asmx</NfeInutilizacao>
      <NfeConsultaNF service='nfeConsultaNF' versao='1.07'>https://nfe.sefazvirtual.rs.gov.br/ws/nfeconsulta/NfeConsulta.asmx</NfeConsultaNF>
      <NfeStatusServico service='nfeStatusServicoNF' versao='1.07'>https://nfe.sefazvirtual.rs.gov.br/ws/nfestatusservico/NfeStatusServico.asmx</NfeStatusServico>
      <ConsultaCadastro service='' versao=''></ConsultaCadastro>
    </producao>
  </UF>
  <UF>
    <sigla>SE</sigla>
    <!--  SEFAZ VIRTUAL RIO GRANDE DO SUL  -->
    <homologacao>
      <NfeRecepcao service='nfeRecepcaoLote' versao='1.10'>https://homologacao.nfe.sefazvirtual.rs.gov.br/ws/nferecepcao/NfeRecepcao.asmx</NfeRecepcao>
      <NfeRetRecepcao service='nfeRetRecepcao' versao='1.10'>https://homologacao.nfe.sefazvirtual.rs.gov.br/ws/nferetrecepcao/NfeRetRecepcao.asmx</NfeRetRecepcao>
      <NfeCancelamento service='nfeCancelamentoNF' versao='1.07'>https://homologacao.nfe.sefazvirtual.rs.gov.br/ws/nfecancelamento/NfeCancelamento.asmx</NfeCancelamento>
      <NfeInutilizacao service='nfeInutilizacaoNF' versao='1.07'>https://homologacao.nfe.sefazvirtual.rs.gov.br/ws/nfeinutilizacao/NfeInutilizacao.asmx</NfeInutilizacao>
      <NfeConsultaNF service='nfeConsultaNF' versao='1.07'>https://homologacao.nfe.sefazvirtual.rs.gov.br/ws/nfeconsulta/NfeConsulta.asmx</NfeConsultaNF>
      <NfeStatusServico service='nfeStatusServicoNF' versao='1.07'>https://homologacao.nfe.sefazvirtual.rs.gov.br/ws/nfestatusservico/NfeStatusServico.asmx</NfeStatusServico>
      <ConsultaCadastro service='' versao=''></ConsultaCadastro>
    </homologacao>
    <producao>
      <NfeRecepcao service='nfeRecepcaoLote' versao='1.10'>https://nfe.sefazvirtual.rs.gov.br/ws/nferecepcao/NfeRecepcao.asmx</NfeRecepcao>
      <NfeRetRecepcao service='nfeRetRecepcao' versao='1.10'>https://nfe.sefazvirtual.rs.gov.br/ws/nferetrecepcao/NfeRetRecepcao.asmx</NfeRetRecepcao>
      <NfeCancelamento service='nfeCancelamentoNF' versao='1.07'>https://nfe.sefazvirtual.rs.gov.br/ws/nfecancelamento/NfeCancelamento.asmx</NfeCancelamento>
      <NfeInutilizacao service='nfeInutilizacaoNF' versao='1.07'>https://nfe.sefazvirtual.rs.gov.br/ws/nfeinutilizacao/NfeInutilizacao.asmx</NfeInutilizacao>
      <NfeConsultaNF service='nfeConsultaNF' versao='1.07'>https://nfe.sefazvirtual.rs.gov.br/ws/nfeconsulta/NfeConsulta.asmx</NfeConsultaNF>
      <NfeStatusServico service='nfeStatusServicoNF' versao='1.07'>https://nfe.sefazvirtual.rs.gov.br/ws/nfestatusservico/NfeStatusServico.asmx</NfeStatusServico>
      <ConsultaCadastro service='' versao=''></ConsultaCadastro>
    </producao>
  </UF>
  <UF>
    <sigla>SP</sigla>
    <homologacao>
      <NfeRecepcao service='nfeRecepcaoLote' versao='1.10'>https://homologacao.nfe.fazenda.sp.gov.br/nfeWEB/services/NfeRecepcao.asmx</NfeRecepcao>
      <NfeRetRecepcao service='nfeRetRecepcao' versao='1.10'>https://homologacao.nfe.fazenda.sp.gov.br/nfeWEB/services/NfeRetRecepcao.asmx</NfeRetRecepcao>
      <NfeCancelamento service='nfeCancelamentoNF' versao='1.07'>https://homologacao.nfe.fazenda.sp.gov.br/nfeWEB/services/NfeCancelamento.asmx</NfeCancelamento>
      <NfeInutilizacao service='nfeInutilizacaoNF' versao='1.07'>https://homologacao.nfe.fazenda.sp.gov.br/nfeWEB/services/NfeInutilizacao.asmx</NfeInutilizacao>
      <NfeConsultaNF service='nfeConsultaNF' versao='1.07'>https://homologacao.nfe.fazenda.sp.gov.br/nfeWEB/services/NfeConsulta.asmx</NfeConsultaNF>
      <NfeStatusServico service='nfeStatusServicoNF' versao='1.07'>https://homologacao.nfe.fazenda.sp.gov.br/nfeWEB/services/NfeStatusServico.asmx</NfeStatusServico>
      <ConsultaCadastro service='consultaCadastro' versao='1.01'>https://homologacao.nfe.fazenda.sp.gov.br/nfeWEB/services/cadconsultacadastro.asmx</ConsultaCadastro>
    </homologacao>
    <producao>
      <NfeRecepcao service='nfeRecepcaoLote' versao='1.10'>https://nfe.fazenda.sp.gov.br/nfeWEB/services/NfeRecepcao.asmx</NfeRecepcao>
      <NfeRetRecepcao service='nfeRetRecepcao' versao='1.10'>https://nfe.fazenda.sp.gov.br/nfeWEB/services/NfeRetRecepcao.asmx</NfeRetRecepcao>
      <NfeCancelamento service='nfeCancelamentoNF' versao='1.07'>https://nfe.fazenda.sp.gov.br/nfeWEB/services/NfeCancelamento.asmx</NfeCancelamento>
      <NfeInutilizacao service='nfeInutilizacaoNF' versao='1.07'>https://nfe.fazenda.sp.gov.br/nfeWEB/services/NfeInutilizacao.asmx</NfeInutilizacao>
      <NfeConsultaNF service='nfeConsultaNF' versao='1.07'>https://nfe.fazenda.sp.gov.br/nfeWEB/services/NfeConsulta.asmx</NfeConsultaNF>
      <NfeStatusServico service='nfeStatusServicoNF' versao='1.07'>https://nfe.fazenda.sp.gov.br/nfeWEB/services/NfeStatusServico.asmx</NfeStatusServico>
      <ConsultaCadastro service='consultaCadastro' versao='1.01'>https://nfe.fazenda.sp.gov.br/nfeWEB/services/cadconsultacadastro.asmx</ConsultaCadastro>
    </producao>
  </UF>
  <UF>
    <sigla>TO</sigla>
    <!--  SEFAZ VIRTUAL RIO GRANDE DO SUL  -->
    <homologacao>
      <NfeRecepcao service='nfeRecepcaoLote' versao='1.10'>https://homologacao.nfe.sefazvirtual.rs.gov.br/ws/nferecepcao/NfeRecepcao.asmx</NfeRecepcao>
      <NfeRetRecepcao service='nfeRetRecepcao' versao='1.10'>https://homologacao.nfe.sefazvirtual.rs.gov.br/ws/nferetrecepcao/NfeRetRecepcao.asmx</NfeRetRecepcao>
      <NfeCancelamento service='nfeCancelamentoNF' versao='1.07'>https://homologacao.nfe.sefazvirtual.rs.gov.br/ws/nfecancelamento/NfeCancelamento.asmx</NfeCancelamento>
      <NfeInutilizacao service='nfeInutilizacaoNF' versao='1.07'>https://homologacao.nfe.sefazvirtual.rs.gov.br/ws/nfeinutilizacao/NfeInutilizacao.asmx</NfeInutilizacao>
      <NfeConsultaNF service='nfeConsultaNF' versao='1.07'>https://homologacao.nfe.sefazvirtual.rs.gov.br/ws/nfeconsulta/NfeConsulta.asmx</NfeConsultaNF>
      <NfeStatusServico service='nfeStatusServicoNF' versao='1.07'>https://homologacao.nfe.sefazvirtual.rs.gov.br/ws/nfestatusservico/NfeStatusServico.asmx</NfeStatusServico>
      <ConsultaCadastro service='' versao=''></ConsultaCadastro>
    </homologacao>
    <producao>
      <NfeRecepcao service='nfeRecepcaoLote' versao='1.10'>https://nfe.sefazvirtual.rs.gov.br/ws/nferecepcao/NfeRecepcao.asmx</NfeRecepcao>
      <NfeRetRecepcao service='nfeRetRecepcao' versao='1.10'>https://nfe.sefazvirtual.rs.gov.br/ws/nferetrecepcao/NfeRetRecepcao.asmx</NfeRetRecepcao>
      <NfeCancelamento service='nfeCancelamentoNF' versao='1.07'>https://nfe.sefazvirtual.rs.gov.br/ws/nfecancelamento/NfeCancelamento.asmx</NfeCancelamento>
      <NfeInutilizacao service='nfeInutilizacaoNF' versao='1.07'>https://nfe.sefazvirtual.rs.gov.br/ws/nfeinutilizacao/NfeInutilizacao.asmx</NfeInutilizacao>
      <NfeConsultaNF service='nfeConsultaNF' versao='1.07'>https://nfe.sefazvirtual.rs.gov.br/ws/nfeconsulta/NfeConsulta.asmx</NfeConsultaNF>
      <NfeStatusServico service='nfeStatusServicoNF' versao='1.07'>https://nfe.sefazvirtual.rs.gov.br/ws/nfestatusservico/NfeStatusServico.asmx</NfeStatusServico>
      <ConsultaCadastro service='' versao=''></ConsultaCadastro>
    </producao>
  </UF>
  <UF>
    <sigla>SCAN</sigla>
    <!--  SISTEMA DE CONTINGENCIA DO AMBIENTE NACIONAL  -->
    <homologacao>
      <NfeRecepcao service='nfeRecepcaoLote' versao='1.10'>https://hom.nfe.fazenda.gov.br/SCAN/NfeRecepcao/NfeRecepcao.asmx</NfeRecepcao>
      <NfeRetRecepcao service='nfeRetRecepcao' versao='1.10'>https://hom.nfe.fazenda.gov.br/SCAN/NfeRetRecepcao/NfeRetRecepcao.asmx</NfeRetRecepcao>
      <NfeCancelamento service='nfeCancelamentoNF' versao='1.07'>https://hom.nfe.fazenda.gov.br/SCAN/NfeCancelamento/NfeCancelamento.asmx</NfeCancelamento>
      <NfeInutilizacao service='nfeInutilizacaoNF' versao='1.07'>https://hom.nfe.fazenda.gov.br/SCAN/NfeInutilizacao/NfeInutilizacao.asmx</NfeInutilizacao>
      <NfeConsultaNF service='nfeConsultaNF' versao='1.07'>https://hom.nfe.fazenda.gov.br/SCAN/Nfeconsulta/Nfeconsulta.asmx</NfeConsultaNF>
      <NfeStatusServico service='nfeStatusServicoNF' versao='1.07'>https://hom.nfe.fazenda.gov.br/SCAN/NfeStatusServico/NfeStatusServico.asmx</NfeStatusServico>
      <ConsultaCadastro service='' versao=''></ConsultaCadastro>
    </homologacao>
    <producao>
      <NfeRecepcao service='nfeRecepcaoLote' versao='1.10'>https://www.scan.fazenda.gov.br/NfeRecepcao/NfeRecepcao.asmx</NfeRecepcao>
      <NfeRetRecepcao service='nfeRetRecepcao' versao='1.10'>https://www.scan.fazenda.gov.br/NfeRetRecepcao/NfeRetRecepcao.asmx</NfeRetRecepcao>
      <NfeCancelamento service='nfeCancelamentoNF' versao='1.07'>https://www.scan.fazenda.gov.br/NfeCancelamento/NfeCancelamento.asmx</NfeCancelamento>
      <NfeInutilizacao service='nfeInutilizacaoNF' versao='1.07'>https://www.scan.fazenda.gov.br/NfeInutilizacao/NfeInutilizacao.asmx</NfeInutilizacao>
      <NfeConsultaNF service='nfeConsultaNF' versao='1.07'>https://www.scan.fazenda.gov.br/Nfeconsulta/Nfeconsulta.asmx</NfeConsultaNF>
      <NfeStatusServico service='nfeStatusServicoNF' versao='1.07'>https://www.scan.fazenda.gov.br/NfeStatusServico/NfeStatusServico.asmx</NfeStatusServico>
      <ConsultaCadastro service='' versao=''></ConsultaCadastro>
    </producao>
  </UF>
  <UF>
    <sigla>DPEC</sigla>
    <!-- SISTEMA DE CONTINGENCIA - Declaração Prévia de Emissão em Contingência -->
    <producao>
      <NfeRecepcaoDPEC>https://www.nfe.fazenda.gov.br/SCERecepcaoRFB/SCERecepcaoRFB.asmx</NfeRecepcaoDPEC>
      <ConsultaDPEC>https://www.nfe.fazenda.gov.br/SCEConsultaRFB/SCEConsultaRFB.asmx</ConsultaDPEC>
    </producao>
  </UF>
</WS>